<?xml version="1.0" encoding="ISO-8859-1"?>
<ITRETURN:ITR xsi:schemaLocation="http://incometaxindiaefiling.gov.in/main ITRMain13.xsd" xmlns:ITR1FORM="http://incometaxindiaefiling.gov.in/ITR1" xmlns:ITR2FORM="http://incometaxindiaefiling.gov.in/ITR2" xmlns:ITR3FORM="http://incometaxindiaefiling.gov.in/ITR3" xmlns:ITR4FORM="http://incometaxindiaefiling.gov.in/ITR4" xmlns:ITRETURN="http://incometaxindiaefiling.gov.in/main" xmlns:ITRForm="http://incometaxindiaefiling.gov.in/master" xmlns:xsi="http://www.w3.org/2001/XMLSchema-instance">
<ITR1FORM:ITR1> 
    <ITRForm:CreationInfo>
        <ITRForm:SWVersionNo>R6</ITRForm:SWVersionNo>
        <ITRForm:SWCreatedBy>DITEXCEL</ITRForm:SWCreatedBy>
        <ITRForm:XMLCreatedBy>DIT</ITRForm:XMLCreatedBy>
        <ITRForm:XMLCreationDate>2013-07-31</ITRForm:XMLCreationDate>
        <ITRForm:IntermediaryCity>Delhi</ITRForm:IntermediaryCity>
    </ITRForm:CreationInfo>
    <ITRForm:Form_ITR1>
        <ITRForm:FormName>ITR-1</ITRForm:FormName>
        <ITRForm:Description>For Indls having Income from Salary, Pension, family pension and Interest</ITRForm:Description>
        <ITRForm:AssessmentYear>2013</ITRForm:AssessmentYear>
        <ITRForm:SchemaVer>Ver1.0</ITRForm:SchemaVer>
        <ITRForm:FormVer>Ver1.0</ITRForm:FormVer>
    </ITRForm:Form_ITR1>
    <ITRForm:PersonalInfo>
         <ITRForm:AssesseeName>
              <ITRForm:FirstName>AKSHAYA</ITRForm:FirstName>
              <ITRForm:MiddleName>KUMAR</ITRForm:MiddleName>
              <ITRForm:SurNameOrOrgName>PANIGRAHI</ITRForm:SurNameOrOrgName>
         </ITRForm:AssesseeName>
         <ITRForm:PAN>BHLPP5771J</ITRForm:PAN>
         <ITRForm:Address>
              <ITRForm:ResidenceNo>ROOM NO5, SMILE HOUSE, DEEPA NURSING HOME</ITRForm:ResidenceNo>
              <ITRForm:RoadOrStreet>CHURCH STREET</ITRForm:RoadOrStreet>
              <ITRForm:LocalityOrArea>MARATHAHALLI</ITRForm:LocalityOrArea>
              <ITRForm:CityOrTownOrDistrict>BANGALORE</ITRForm:CityOrTownOrDistrict>
              <ITRForm:StateCode>15</ITRForm:StateCode>
              <ITRForm:CountryCode>91</ITRForm:CountryCode>
              <ITRForm:PinCode>560087</ITRForm:PinCode>
                    <ITRForm:MobileNo>8792533253</ITRForm:MobileNo>
            <ITRForm:EmailAddress>AKHAYA.PANIGRAHI@GMAIL.COM</ITRForm:EmailAddress>
         </ITRForm:Address>
         <ITRForm:DOB>1985-05-23</ITRForm:DOB>
         <ITRForm:EmployerCategory>OTH</ITRForm:EmployerCategory>
         <ITRForm:Gender>M</ITRForm:Gender>
         <ITRForm:Status>I</ITRForm:Status>
    </ITRForm:PersonalInfo>
    <ITRForm:FilingStatus>
         <ITRForm:DesigOfficerWardorCircle/>
         <ITRForm:ReturnFileSec>11</ITRForm:ReturnFileSec>
         <ITRForm:ReturnType>O</ITRForm:ReturnType>
         <ITRForm:ResidentialStatus>RES</ITRForm:ResidentialStatus>
         <ITRForm:TaxStatus>NT</ITRForm:TaxStatus>
         <ITRForm:PortugeseCC5A>N</ITRForm:PortugeseCC5A>
    </ITRForm:FilingStatus>
    <ITRForm:ITR1_IncomeDeductions>
           <ITRForm:IncomeFromSal>232398</ITRForm:IncomeFromSal>
           <ITRForm:TotalIncomeOfHP>0</ITRForm:TotalIncomeOfHP>
               <ITRForm:IncomeOthSrc>0</ITRForm:IncomeOthSrc>
           <ITRForm:GrossTotIncome>232398</ITRForm:GrossTotIncome>
          <ITRForm:UsrDeductUndChapVIA>
               <ITRForm:Section80C>64530</ITRForm:Section80C>
               <ITRForm:Section80CCC>0</ITRForm:Section80CCC>
               <ITRForm:Section80CCDEmployeeOrSE>0</ITRForm:Section80CCDEmployeeOrSE>
               <ITRForm:Section80CCDEmployer>0</ITRForm:Section80CCDEmployer>
               <ITRForm:Section80D>4800</ITRForm:Section80D>
               <ITRForm:Section80DD>0</ITRForm:Section80DD>
               <ITRForm:Section80DDB>0</ITRForm:Section80DDB>
               <ITRForm:Section80E>0</ITRForm:Section80E>
               <ITRForm:Section80G>0</ITRForm:Section80G>
               <ITRForm:Section80GG>0</ITRForm:Section80GG>
               <ITRForm:Section80GGA>0</ITRForm:Section80GGA>
               <ITRForm:Section80GGC>0</ITRForm:Section80GGC>
               <ITRForm:Section80U>0</ITRForm:Section80U>
               <ITRForm:Section80RRB>0</ITRForm:Section80RRB>
               <ITRForm:Section80QQB>0</ITRForm:Section80QQB>
               <ITRForm:Section80CCG>0</ITRForm:Section80CCG>
               <ITRForm:Section80TTA>0</ITRForm:Section80TTA>
               <ITRForm:TotalChapVIADeductions>69330</ITRForm:TotalChapVIADeductions>
          </ITRForm:UsrDeductUndChapVIA>
          <ITRForm:DeductUndChapVIA>
               <ITRForm:Section80C>64530</ITRForm:Section80C>
               <ITRForm:Section80CCC>0</ITRForm:Section80CCC>
               <ITRForm:Section80CCDEmployeeOrSE>0</ITRForm:Section80CCDEmployeeOrSE>
               <ITRForm:Section80CCDEmployer>0</ITRForm:Section80CCDEmployer>
               <ITRForm:Section80D>4800</ITRForm:Section80D>
               <ITRForm:Section80DD>0</ITRForm:Section80DD>
               <ITRForm:Section80DDB>0</ITRForm:Section80DDB>
               <ITRForm:Section80E>0</ITRForm:Section80E>
               <ITRForm:Section80G>0</ITRForm:Section80G>
               <ITRForm:Section80GG>0</ITRForm:Section80GG>
               <ITRForm:Section80GGA>0</ITRForm:Section80GGA>
               <ITRForm:Section80GGC>0</ITRForm:Section80GGC>
               <ITRForm:Section80U>0</ITRForm:Section80U>
               <ITRForm:Section80RRB>0</ITRForm:Section80RRB>
               <ITRForm:Section80QQB>0</ITRForm:Section80QQB>
               <ITRForm:Section80CCG>0</ITRForm:Section80CCG>
               <ITRForm:Section80TTA>0</ITRForm:Section80TTA>
               <ITRForm:TotalChapVIADeductions>69330</ITRForm:TotalChapVIADeductions>
          </ITRForm:DeductUndChapVIA>
           <ITRForm:TotalIncome>163070</ITRForm:TotalIncome>
    </ITRForm:ITR1_IncomeDeductions>
    <ITRForm:ITR1_TaxComputation>
           <ITRForm:TotalTaxPayable>0</ITRForm:TotalTaxPayable>
           <ITRForm:SurchargeOnTaxPayable>0</ITRForm:SurchargeOnTaxPayable>
           <ITRForm:EducationCess>0</ITRForm:EducationCess>
           <ITRForm:GrossTaxLiability>0</ITRForm:GrossTaxLiability>
           <ITRForm:Section89>0</ITRForm:Section89>
           <ITRForm:NetTaxLiability>0</ITRForm:NetTaxLiability>
               <ITRForm:TotalIntrstPay>0</ITRForm:TotalIntrstPay>
<ITRForm:IntrstPay>
<ITRForm:IntrstPayUs234A>0</ITRForm:IntrstPayUs234A>
<ITRForm:IntrstPayUs234B>0</ITRForm:IntrstPayUs234B>
<ITRForm:IntrstPayUs234C>0</ITRForm:IntrstPayUs234C>
<ITRForm:TotalIntrstPay>0</ITRForm:TotalIntrstPay>
</ITRForm:IntrstPay>
           <ITRForm:TotTaxPlusIntrstPay>0</ITRForm:TotTaxPlusIntrstPay>
    </ITRForm:ITR1_TaxComputation>
    <ITRForm:TaxPaid>
          <ITRForm:TaxesPaid>
               <ITRForm:AdvanceTax>0</ITRForm:AdvanceTax>
               <ITRForm:TDS>0</ITRForm:TDS>
               <ITRForm:SelfAssessmentTax>0</ITRForm:SelfAssessmentTax>
               <ITRForm:TotalTaxesPaid>0</ITRForm:TotalTaxesPaid>
          </ITRForm:TaxesPaid>
           <ITRForm:BalTaxPayable>0</ITRForm:BalTaxPayable>
    </ITRForm:TaxPaid>
    <ITRForm:Refund>
           <ITRForm:RefundDue>0</ITRForm:RefundDue>
           <ITRForm:BankAccountNumber>910010045846411</ITRForm:BankAccountNumber>
           <ITRForm:EcsRequired>Y</ITRForm:EcsRequired>
          <ITRForm:DepositToBankAccount>
               <ITRForm:IFSCCode>UTIB0000333</ITRForm:IFSCCode>
               <ITRForm:BankAccountType>SAV</ITRForm:BankAccountType>
          </ITRForm:DepositToBankAccount>
    </ITRForm:Refund>
    <ITRForm:TDSonSalaries>
           <ITRForm:TDSonSalary>
              <ITRForm:EmployerOrDeductorOrCollectDetl>
                   <ITRForm:TAN>BLRG02471A</ITRForm:TAN>
                   <ITRForm:EmployerOrDeductorOrCollecterName>SYMPHONY TELECA CORPORATION INDIA PVT. LTD</ITRForm:EmployerOrDeductorOrCollecterName>
              </ITRForm:EmployerOrDeductorOrCollectDetl>
               <ITRForm:IncChrgSal>232398</ITRForm:IncChrgSal>
               <ITRForm:TotalTDSSal>0</ITRForm:TotalTDSSal>
           </ITRForm:TDSonSalary>
    </ITRForm:TDSonSalaries>
    <ITR1FORM:TaxExmpIntInc>0</ITR1FORM:TaxExmpIntInc>
    <ITRForm:Verification>
          <ITRForm:Declaration>
               <ITRForm:AssesseeVerName>AKSHAYA KUMAR PANIGRAHI</ITRForm:AssesseeVerName>
               <ITRForm:FatherName>PANCHANAN PANIGRAHI</ITRForm:FatherName>
               <ITRForm:AssesseeVerPAN>BHLPP5771J</ITRForm:AssesseeVerPAN>
          </ITRForm:Declaration>
           <ITRForm:Place>BANGALORE</ITRForm:Place>
           <ITRForm:Date>2013-08-05</ITRForm:Date>
    </ITRForm:Verification>
</ITR1FORM:ITR1>
</ITRETURN:ITR>
