<!-- HEADER start -->


<!DOCTYPE HTML PUBLIC "-//W3C//DTD HTML 4.01 Transitional//EN" "http://www.w3.org/TR/html4/loose.dtd">
<html>
	<head>
		<meta content='text/html; charset=UTF-8' http-equiv='Content-Type'>
			<meta content='width=device-width, initial-scale=1' name='viewport'>
				<style type='text/css'>
					<style> /*resets and issue fixes */


						#outlook a {
						padding:0;
						}

						body {
						width:100% !important; -webkit-text;
						size-adjust:100%;
						-ms-text-size-adjust:100%; margin:0; padding:0; background-color:

						#F1F1F2; }

						.ReadMsgBody { width: 100%; }

						.ExternalClass {
						width:100%; }

						.backgroundTable { margin:0 auto; padding:0;
						width:100%; !important;
						}

						table td {

						border-collapse: collapse; }

						.ExternalClass * { line-height: 115%; }


						/* screen media queries */


						@media screen and (max-width: 645px) {

						.fullWidth { table-

						layout:
						fixed; width: 100%; }

						td[class="fullWidth"] td { width:100
						!important; display:block; height:auto !important;
						}
						}
					</style>
					<title>BlackBerry</title>


	</head>
	<body>
		<table border="0" cellpadding="0" cellspacing="0" width="100%"
			style="-webkit-font-smoothing:antialiased; -webkit-text-size-adjust:none; 

background-color:#F1F1F2; font-family:Arial, sans-serif;">
			<tr bgcolor="#F1F1F2">
				<td align="center" valign="middle">
					<table border="0" cellpadding="0" cellspacing="0" class="fullWidth"
						width="645">
						<!-- <tr> <td height="36" align="left" valign="top" bgcolor="#000000"> 
							<table width="147" border="0" cellspacing="0" cellpadding="0" align="left"> -->


						<!-- <tr> <td width="4" style="display:none !important; visibility:hidden; 
							mso- hide:all; font-size:1px; color:#000000; line-height:1px; max-height:0px; 
							max-width:0px; opacity:0; overflow:hidden;"> Get docs, videos, expert advice 
							and more <br> <br> </td> <TD width="143" align="left" valign="top" bgcolor="#000000" 
							style="font- family:'Helvetica Neue', Arial, Helvetica, sans-serif; font-size: 
							11px; line-height: 15px; color:#000000; padding:15px 0px 15px 15px"> <a href="http://www.blackberry.com" 
							target="_blank"> <img src="https://community.good.com/themes/common/images/emailTemplates/BB_Logo.png" 
							alt="BlackBerry" width="85" height="15" border="0"> </a> </TD> </tr> -->


					</table>
				</td>
				<!-- </tr> -->
				<tr>

					<!-- HEADER end -->



					<TD bgcolor="#FFFFFF"
						style="color:#000000; font-family:'Helvetica Neue', Arial, Helvetica, sans-serif; font-size:15px; line-height:20px; padding: 30px 30px 

0px 30px;">

						Hello ${recipientName},
						<br>
							<br>

								Your 30-day ${appName} trial has begun and will end on
								${trialEndDate}. In order to get a true sense of the features,
								and experience the many benefits that

								${appName} will bring to
								your organization, you should start using your
								trial &nbsp immediately.
					</TD>
				</tr>


				<tr>
					<TD bgcolor="#FFFFFF"
						style="color:#000000; font-family:'Palatino Linotype', 'Book Antiqua', Palatino, serif; font-size:22px; line-height:28px; padding: 

30px 30px 0px 30px;">
						Drive your trials to success
						<FONT style="white-space: nowrap;">
							with the Admin Portal
						</font>
					</TD>
				</tr>


				<tr>

					<TD bgcolor="#FFFFFF"
						style="color:#000000; font-family:'Helvetica Neue', Arial, Helvetica, sans-serif; font-size:15px; line-height:20px; padding: 30px 30px 

45px 30px;">
						When you signed up for the trial, you were granted access to the
						<a
							href="https://community.good.com/community/administrators-home/getting-started"
							target="_blank"
							style="color:#147AEA; font-family:'Helvetica Neue', Arial, 

Helvetica, sans-serif; font-size:15px; line-height:20px;">Admin Portal</a>
						. This is where we have provided you key resources to help you
						get
						the most value

						from your trial experience.


						<ul>

							<li>Setup your product</li>

							<li>Download helpful documentation</li>
							<li>Watch how-to videos</li>

							<li>Access BlackBerry experts</li>

							<li>Submit Technical Support requests electronically</li>

							<li>Receive new release notifications </li>
						</ul>
						Thanks for your interest in this trial. Make sure you
						<a
							href="https://community.good.com/community/administrators-home/getting-started"

							target="_blank"
							style="color:#147AEA; font-family:'Helvetica Neue', Arial, Helvetica, sans-serif; font-size:15px; line-height:20px;">access the Admin

							Portal</a>
						as soon as possible to make the most of your trial.
						<br>
							<br>${publisherName}
					</TD>
				</tr>
		</table>
	</body>
</html>
<!-- Footer Start -->
<!-- <tr> <TD bgcolor="#FFFFFF" style="padding:0px 0px 0px 0px;"> <table 
	width="100%" border="0" cellpadding="0" cellspacing="0" class="reorder"> 
	</table> </TD> </tr> <tr> <TD align="left" valign="top" bgcolor="#00BFFF" 
	style="background-image: url('images/gradient.jpg');background-repeat: repeat-y 
	no-repeat; background:-webkit-linear- gradient(left, #0047DB , #00BFFF); 
	background: -o-linear-gradient(right, #0047DB , #00BFFF); background: -moz-linear-gradient(right, 
	#0047DB , #00BFFF);"> <table width="100%" border="0" cellspacing="0" cellpadding="0"> 
	<tr> <TD align="left" valign="bottom" bgcolor="#000000" style="font-family: 
	Arial, Helvetica, Verdana, sans-serif; font-size: 13px; line-height: 18px; 
	color:#FFFFFF; padding:20px 30px 0px 30px;"> <table width="518" border="0" 
	cellspacing="0" cellpadding="0" class="fullWidth"> <tr> <TD width="140" align="left" 
	valign="top" class="fullWidth"> <table width="140" border="0" align="left" 
	cellpadding="0" cellspacing="0"> <tr> <TD width="90" height="30" align="left" 
	valign="bottom" bgcolor="#000000" style="font-family: Arial, Helvetica, Verdana, 
	sans-serif; font-size: 10px; font-weight:bold; color:#FFFFFF;"> <a href="http://web.blackberry.com/enterprise/contact-us.html" 
	target="_blank" style="color:#FFFFFF; text-decoration:none; font-family:Arial, 
	Helvetica, sans-serif; font-size:10px;">Contact Sales</a> </TD> <TD width="40" 
	align="left" valign="bottom" bgcolor="#000000" style="font-family: Arial, 
	Helvetica, Verdana, sans-serif; font-size: 10px; font-weight:bold; color:#FFFFFF; 
	"> <a href="http://global.blackberry.com/en/enterprise/enterprise-mobility-management.html" 
	target="_blank" style="color:#FFFFFF; text-decoration:none; font-family:Arial, 
	Helvetica, sans-serif; font-size:10px;">EMM</a> </TD> </tr> </table> </TD> 
	<TD align="left" valign="top" bgcolor="#000000" class="fullWidth"> <table 
	border="0" cellspacing="0" cellpadding="0"> <tr> <TD width="170" height="30" 
	align="left" valign="bottom" bgcolor="#000000" style="font-family: Arial, 
	Helvetica, Verdana, sans-serif; font-size: 10px; font-weight:bold; color:#FFFFFF;"> 
	<a href="http://global.blackberry.com/en/enterprise/secure-communication-collaboration.html" 
	target="_blank" style="color:#FFFFFF; text- decoration:none; font-family:Arial, 
	Helvetica, sans-serif; font-size:10px;">Communication & Collaboration</a> 
	</TD> <TD align="left" valign="bottom" bgcolor="#000000" style="font-family: 
	Arial, Helvetica, Verdana, sans-serif; font-size: 10px; font-weight:bold; 
	color:#FFFFFF;"> <a href="http://global.blackberry.com/en/enterprise/identity-access.html" 
	target="_blank" style="color:#FFFFFF; text-decoration:none; font-family:Arial, 
	Helvetica, sans-serif; font-size:10px;"> Identity & Access</a> </TD> </tr> 
	</table> </TD> </tr> </table> </TD> </tr> <tr> <TD height="40" align="left" 
	valign="top" bgcolor="#000000" style="font-family: Arial, Helvetica, Verdana, 
	sans-serif; font-size: 13px; line-height: 18px; color:#FFFFFF; padding:0 
	30px 0 30px;"> <table width="518" border="0" cellspacing="0" cellpadding="0" 
	class="fullWidth"> <tr> <TD width="219" align="left" class="fullWidth"> <table 
	border="0" cellspacing="0" cellpadding="0" align="left"> <tr> <TD bgcolor="#000000"> 
	<a href="http://www.facebook.com/BlackBerry" target="_blank"> <img src="https://community.good.com/themes/common/images/emailTemplates/facebook.png" 
	alt="Facebook" width="27" height="54" border="0"> </a> <a href="https://twitter.com/blackberry4biz" 
	target="_blank"> <img src="https://community.good.com/themes/common/images/emailTemplates/twitter.png" 
	alt="Twitter" width="38" height="54" border="0"> </a> <a href="http://www.linkedin.com/company/blackberry" 
	target="_blank"> <img src="https://community.good.com/themes/common/images/emailTemplates/linkedin.png" 
	alt="Linkedin" width="33" height="54" border="0"> </a> <a href="http://www.youtube.com/user/BlackBerry" 
	target="_blank"> <img src="https://community.good.com/themes/common/images/emailTemplates/youtube.png" 
	alt="You Tube" width="53" height="54" border="0"> </a> <a href="http://bizblog.blackberry.com/" 
	target="_blank"> <img src="https://community.good.com/themes/common/images/emailTemplates/blog.png" 
	alt="Blog" width="37" height="54" border="0"> </a> </TD> </tr> </table> </TD> 
	</tr> </table> </TD> </tr> <tr> <TD align="left" valign="top" bgcolor="#000000" 
	style="font-family: Arial, Helvetica, Verdana, sans-serif; font-size: 10px; 
	line-height: 12px; color:#FFFFFF; padding:10px 30px 10px 30px;">This message 
	was sent by or on behalf of BlackBerry Limited (“BlackBerry”).</TD> </tr> 
	<tr> <TD align="left" valign="top" bgcolor="#000000" style="font-family: 
	Arial, Helvetica, Verdana, sans-serif; font-size: 10px; line-height: 12px; 
	color:#FFFFFF; padding:0px 30px 10px 30px;"> To change your communication 
	preferences, including unsubscribing from further marketing or commercial 
	communications from BlackBerry, please click <a href="https://www.blackberry.com/eSubscriptionsManagement/unsubscribe.jsp" 
	style="color:#147AEA;">here</a> . You may also unsubscribe from BlackBerry 
	marketing communications by writing to BlackBerry Privacy Office c/o BlackBerry 
	(attention Legal Department), 2200 University Avenue East, Waterloo, Ontario, 
	Canada, N2K 0A7. </TD> </tr> <tr> <TD align="left" valign="top" bgcolor="#000000" 
	style="font-family: Arial, Helvetica, Verdana, sans-serif; font- size: 10px; 
	line-height: 12px; color:#FFFFFF; padding:0px 30px 10px 30px;"> BlackBerry 
	has a long-standing policy of protecting customer privacy. Please take a 
	moment to read the BlackBerry Privacy Policy found <a href="http://app.biz.blackberry.com/e/er? 
	s=1122712022&lid=1042&elq=ffee7bb876594478a0175b7010b1fdba&elqaid=1549&elqat=1&elqTrackId=a6ded698b664488cad84b6b8a56cb954" 
	style="color:#147AEA;">here</a> . Visit our website at <a style="color:#147AEA;" 
	href="http://www.blackberry.com"> www.blackberry.com</a> . </TD> </tr> <tr> 
	<TD align="left" valign="top" bgcolor="#000000" style="font-family: Arial, 
	Helvetica, Verdana, sans-serif; font-size: 10px; line-height: 12px; color:#FFFFFF; 
	padding:0px 30px 45px 30px;">© 2016 BlackBerry Limited, 2200 University Avenue 
	East, Waterloo, Ontario, Canada, N2K 0A7. All rights reserved. BlackBerry®, 
	BBM® and related trademarks, names and logos are the property of BlackBerry 
	and are registered and/or used in the U.S. and countries around the world.</TD> 
	HEADER start <!DOCTYPE HTML PUBLIC "-//W3C//DTD HTML 4.01 Transitional//EN" 
	"http://www.w3.org/TR/html4/loose.dtd"> <html> <head> <meta content='text/html; 
	charset=UTF-8' http-equiv='Content-Type'> <meta content='width=device-width, 
	initial-scale=1' name='viewport'> <style type='text/css'> <style> /*resets 
	and issue fixes */ #outlook a { padding:0; } body { width:100% !important; 
	-webkit-text; size-adjust:100%; -ms-text-size-adjust:100%; margin:0; padding:0; 
	background-color: #F1F1F2; } .ReadMsgBody { width: 100%; } .ExternalClass 
	{ width:100%; } .backgroundTable { margin:0 auto; padding:0; width:100%; 
	!important; } table td { border-collapse: collapse; } .ExternalClass * { 
	line-height: 115%; } /* screen media queries */ @media screen and (max-width: 
	645px) { .fullWidth { table- layout: fixed; width: 100%; } td[class="fullWidth"] 
	td { width:100 !important; display:block; height:auto !important; } } </style> 
	<title>BlackBerry</title> </head> <body> <table border="0" cellpadding="0" 
	cellspacing="0" width="100%" style="-webkit-font-smoothing:antialiased; -webkit-text-size-adjust:none; 
	background-color:#F1F1F2; font-family:Arial, sans-serif;"> <tr bgcolor="#F1F1F2"> 
	<td align="center" valign="middle"> <table border="0" cellpadding="0" cellspacing="0" 
	class="fullWidth" width="645"> <tr> <td height="36" align="left" valign="top" 
	bgcolor="#000000"> <table width="147" border="0" cellspacing="0" cellpadding="0" 
	align="left"> <tr> <td width="4" style="display:none !important; visibility:hidden; 
	mso- hide:all; font-size:1px; color:#000000; line-height:1px; max-height:0px; 
	max-width:0px; opacity:0; overflow:hidden;"> Get docs, videos, expert advice 
	and more <br> <br> </td> <TD width="143" align="left" valign="top" bgcolor="#000000" 
	style="font- family:'Helvetica Neue', Arial, Helvetica, sans-serif; font-size: 
	11px; line-height: 15px; color:#000000; padding:15px 0px 15px 15px"> <a href="http://www.blackberry.com" 
	target="_blank"> <img src="https://community.good.com/themes/common/images/emailTemplates/BB_Logo.png" 
	alt="BlackBerry" width="85" height="15" border="0"> </a> </TD> </tr> </table> 
	</td> </tr> <tr> HEADER end <TD bgcolor="#FFFFFF" style="color:#000000; font-family:'Helvetica 
	Neue', Arial, Helvetica, sans-serif; font-size:15px; line-height:20px; padding: 
	30px 30px 0px 30px;"> Hello ${recipientName}, <br> <br> Your 30-day ${appName} 
	trial has begun and will end on ${trialEndDate}. In order to get a true sense 
	of the features, and experience the many benefits that ${appName} will bring 
	to your organization, you should start using your trial immediately. </TD> 
	</tr> <tr> <TD bgcolor="#FFFFFF" style="color:#000000; font-family:'Palatino 
	Linotype', 'Book Antiqua', Palatino, serif; font-size:22px; line-height:28px; 
	padding: 30px 30px 0px 30px;"> Drive your trials to success <FONT style="white-space: 
	nowrap;"> with the Admin Portal </font> </TD> </tr> <tr> <TD bgcolor="#FFFFFF" 
	style="color:#000000; font-family:'Helvetica Neue', Arial, Helvetica, sans-serif; 
	font-size:15px; line-height:20px; padding: 30px 30px 45px 30px;"> When you 
	signed up for the trial, you were granted access to the <a href="https://community.good.com/community/administrators-home/getting-started" 
	target="_blank" style="color:#147AEA; font-family:'Helvetica Neue', Arial, 
	Helvetica, sans-serif; font-size:15px; line-height:20px;">Admin Portal</a> 
	. This is where we have provided you key resources to help you get the most 
	value from your trial experience. <ul> <li>Setup your product</li> <li>Download 
	helpful documentation</li> <li>Watch how-to videos</li> <li>Access BlackBerry 
	experts</li> <li>Submit Technical Support requests electronically</li> <li>Receive 
	new release notifications </li> </ul> Thanks for your interest in this trial. 
	Make sure you <a href="https://community.good.com/community/administrators-home/getting-started" 
	target="_blank" style="color:#147AEA; font-family:'Helvetica Neue', Arial, 
	Helvetica, sans-serif; font-size:15px; line-height:20px;">access the Admin 
	Portal</a> as soon as possible to make the most of your trial. <br> <br>${publisherName} 
	</TD> </tr> </table> </body> </html> Footer Start <tr> <TD bgcolor="#FFFFFF" 
	style="padding:0px 0px 0px 0px;"> <table width="100%" border="0" cellpadding="0" 
	cellspacing="0" class="reorder"> </table> </TD> </tr> <tr> <TD align="left" 
	valign="top" bgcolor="#00BFFF" style="background-image: url('images/gradient.jpg');background-repeat: 
	repeat-y no-repeat; background:-webkit-linear- gradient(left, #0047DB , #00BFFF); 
	background: -o-linear-gradient(right, #0047DB , #00BFFF); background: -moz-linear-gradient(right, 
	#0047DB , #00BFFF);"> <table width="100%" border="0" cellspacing="0" cellpadding="0"> 
	<tr> <TD align="left" valign="bottom" bgcolor="#000000" style="font-family: 
	Arial, Helvetica, Verdana, sans-serif; font-size: 13px; line-height: 18px; 
	color:#FFFFFF; padding:20px 30px 0px 30px;"> <table width="518" border="0" 
	cellspacing="0" cellpadding="0" class="fullWidth"> <tr> <TD width="140" align="left" 
	valign="top" class="fullWidth"> <table width="140" border="0" align="left" 
	cellpadding="0" cellspacing="0"> <tr> <TD width="90" height="30" align="left" 
	valign="bottom" bgcolor="#000000" style="font-family: Arial, Helvetica, Verdana, 
	sans-serif; font-size: 10px; font-weight:bold; color:#FFFFFF;"> <a href="http://web.blackberry.com/enterprise/contact-us.html" 
	target="_blank" style="color:#FFFFFF; text-decoration:none; font-family:Arial, 
	Helvetica, sans-serif; font-size:10px;">Contact Sales</a> </TD> <TD width="40" 
	align="left" valign="bottom" bgcolor="#000000" style="font-family: Arial, 
	Helvetica, Verdana, sans-serif; font-size: 10px; font-weight:bold; color:#FFFFFF; 
	"> <a href="http://global.blackberry.com/en/enterprise/enterprise-mobility-management.html" 
	target="_blank" style="color:#FFFFFF; text-decoration:none; font-family:Arial, 
	Helvetica, sans-serif; font-size:10px;">EMM</a> </TD> </tr> </table> </TD> 
	<TD align="left" valign="top" bgcolor="#000000" class="fullWidth"> <table 
	border="0" cellspacing="0" cellpadding="0"> <tr> <TD width="170" height="30" 
	align="left" valign="bottom" bgcolor="#000000" style="font-family: Arial, 
	Helvetica, Verdana, sans-serif; font-size: 10px; font-weight:bold; color:#FFFFFF;"> 
	<a href="http://global.blackberry.com/en/enterprise/secure-communication-collaboration.html" 
	target="_blank" style="color:#FFFFFF; text- decoration:none; font-family:Arial, 
	Helvetica, sans-serif; font-size:10px;">Communication & Collaboration</a> 
	</TD> <TD align="left" valign="bottom" bgcolor="#000000" style="font-family: 
	Arial, Helvetica, Verdana, sans-serif; font-size: 10px; font-weight:bold; 
	color:#FFFFFF;"> <a href="http://global.blackberry.com/en/enterprise/identity-access.html" 
	target="_blank" style="color:#FFFFFF; text-decoration:none; font-family:Arial, 
	Helvetica, sans-serif; font-size:10px;"> Identity & Access</a> </TD> </tr> 
	</table> </TD> </tr> </table> </TD> </tr> <tr> <TD height="40" align="left" 
	valign="top" bgcolor="#000000" style="font-family: Arial, Helvetica, Verdana, 
	sans-serif; font-size: 13px; line-height: 18px; color:#FFFFFF; padding:0 
	30px 0 30px;"> <table width="518" border="0" cellspacing="0" cellpadding="0" 
	class="fullWidth"> <tr> <TD width="219" align="left" class="fullWidth"> <table 
	border="0" cellspacing="0" cellpadding="0" align="left"> <tr> <TD bgcolor="#000000"> 
	<a href="http://www.facebook.com/BlackBerry" target="_blank"> <img src="https://community.good.com/themes/common/images/emailTemplates/facebook.png" 
	alt="Facebook" width="27" height="54" border="0"> </a> <a href="https://twitter.com/blackberry4biz" 
	target="_blank"> <img src="https://community.good.com/themes/common/images/emailTemplates/twitter.png" 
	alt="Twitter" width="38" height="54" border="0"> </a> <a href="http://www.linkedin.com/company/blackberry" 
	target="_blank"> <img src="https://community.good.com/themes/common/images/emailTemplates/linkedin.png" 
	alt="Linkedin" width="33" height="54" border="0"> </a> <a href="http://www.youtube.com/user/BlackBerry" 
	target="_blank"> <img src="https://community.good.com/themes/common/images/emailTemplates/youtube.png" 
	alt="You Tube" width="53" height="54" border="0"> </a> <a href="http://bizblog.blackberry.com/" 
	target="_blank"> <img src="https://community.good.com/themes/common/images/emailTemplates/blog.png" 
	alt="Blog" width="37" height="54" border="0"> </a> </TD> </tr> </table> </TD> 
	</tr> </table> </TD> </tr> <tr> <TD align="left" valign="top" bgcolor="#000000" 
	style="font-family: Arial, Helvetica, Verdana, sans-serif; font-size: 10px; 
	line-height: 12px; color:#FFFFFF; padding:10px 30px 10px 30px;">This message 
	was sent by or on behalf of BlackBerry Limited (“BlackBerry”).</TD> </tr> 
	<tr> <TD align="left" valign="top" bgcolor="#000000" style="font-family: 
	Arial, Helvetica, Verdana, sans-serif; font-size: 10px; line-height: 12px; 
	color:#FFFFFF; padding:0px 30px 10px 30px;"> To change your communication 
	preferences, including unsubscribing from further marketing or commercial 
	communications from BlackBerry, please click <a href="https://www.blackberry.com/eSubscriptionsManagement/unsubscribe.jsp" 
	style="color:#147AEA;">here</a> . You may also unsubscribe from BlackBerry 
	marketing communications by writing to BlackBerry Privacy Office c/o BlackBerry 
	(attention Legal Department), 2200 University Avenue East, Waterloo, Ontario, 
	Canada, N2K 0A7. </TD> </tr> <tr> <TD align="left" valign="top" bgcolor="#000000" 
	style="font-family: Arial, Helvetica, Verdana, sans-serif; font- size: 10px; 
	line-height: 12px; color:#FFFFFF; padding:0px 30px 10px 30px;"> BlackBerry 
	has a long-standing policy of protecting customer privacy. Please take a 
	moment to read the BlackBerry Privacy Policy found <a href="http://app.biz.blackberry.com/e/er? 
	s=1122712022&lid=1042&elq=ffee7bb876594478a0175b7010b1fdba&elqaid=1549&elqat=1&elqTrackId=a6ded698b664488cad84b6b8a56cb954" 
	style="color:#147AEA;">here</a> . Visit our website at <a style="color:#147AEA;" 
	href="http://www.blackberry.com"> www.blackberry.com</a> . </TD> </tr> <tr> 
	<TD align="left" valign="top" bgcolor="#000000" style="font-family: Arial, 
	Helvetica, Verdana, sans-serif; font-size: 10px; line-height: 12px; color:#FFFFFF; 
	padding:0px 30px 45px 30px;">© 2016 BlackBerry Limited, 2200 University Avenue 
	East, Waterloo, Ontario, Canada, N2K 0A7. All rights reserved. BlackBerry®, 
	BBM® and related trademarks, names and logos are the property of BlackBerry 
	and are registered and/or used in the U.S. and countries around the world.</TD> 
	</tr> </table> </td> </tr> </table> </TD> </tr> </table> </html> Footer End 
	Disclaimer: This communication is for the exclusive use of the intended recipient(s) 
	and shall not attach any liability on the originator or ITC Infotech India 
	Ltd./its Holding company/ its Subsidiaries/ its Group Companies. If you are 
	the addressee, the contents of this e-mail are intended for your use only 
	and it shall not be forwarded to any third party, without first obtaining 
	written authorization from the originator or ITC Infotech India Ltd./ its 
	Holding company/its Subsidiaries/ its Group Companies. It may contain information 
	which is confidential and legally privileged and the same shall not be used 
	or dealt with by any third party in any manner whatsoever without the specific 
	consent of ITC Infotech India Ltd./ its Holding company/ its Subsidiaries/ 
	its Group Companies. -->



<!-- Footer End -->

<!-- Disclaimer: This communication is for the exclusive use of the intended 
	recipient(s) and shall not attach any liability on the originator or ITC 
	Infotech India Ltd./its Holding company/ its Subsidiaries/ its Group Companies. 
	If you are the addressee, the contents of this e-mail are intended for your 
	use only and it shall not be forwarded to any third party, without first 
	obtaining written authorization from the originator or ITC Infotech India 
	Ltd./ its Holding company/its Subsidiaries/ its Group Companies. It may contain 
	information which is confidential and legally privileged and the same shall 
	not be used or dealt with by any third party in any manner whatsoever without 
	the specific consent of ITC Infotech India Ltd./ its Holding company/ its 
	Subsidiaries/ its Group Companies. -->

